Prix_metre_carre_T2,Prix_metre_carre_T3,resultat
4953.5002251422,4475.6894172581,-9.64592280543166
