departements,Prix_metre_carre
971,13739.6944047488
95,12341.9826690594
973,10156.5734815963
75,9835.9799367418
972,8294.9551126925
974,7267.8557586868
94,6879.8433638596
91,6825.7088176042
92,5090.8102031395
8,4880.1528148264
